"Total Time","Mean Performance","Wallclock Time","Incumbent ID","Automatic Configurator Time","Configuration..."
0.1067, 100000000, 0.0003, 0, 0.1067, pc='0.95', pm='0.1'
0.2077, -705.0, 1.0913, 0, 0.1077, pc='0.95', pm='0.1'
0.9156, -641.0, 330.0235, 0, 0.1156, pc='0.95', pm='0.1'
2.0278, -659.0, 3172.7720, 0, 0.1278, pc='0.95', pm='0.1'
2.5336, -724.25, 4747.1478, 0, 0.1336, pc='0.95', pm='0.1'
3.1406, -697.6, 5541.7723, 0, 0.1406, pc='0.95', pm='0.1'
3.8488, -700.8333333333334, 6669.9942, 0, 0.1488, pc='0.95', pm='0.1'
4.6583, -693.5714285714286, 7692.2575, 0, 0.1583, pc='0.95', pm='0.1'
5.4681, -721.875, 8942.4389, 0, 0.1681, pc='0.95', pm='0.1'
6.3789, -713.8888888888889, 10044.3188, 0, 0.1789, pc='0.95', pm='0.1'
7.2905, -700.2, 12031.6768, 0, 0.1905, pc='0.95', pm='0.1'
8.4065, -699.7272727272727, 15307.5805, 0, 0.2065, pc='0.95', pm='0.1'
9.7230, -700.1666666666666, 18594.3543, 0, 0.2230, pc='0.95', pm='0.1'
11.1408, -701.4615384615385, 21354.2582, 0, 0.2408, pc='0.95', pm='0.1'
12.4581, -693.5714285714286, 22951.1216, 0, 0.2581, pc='0.95', pm='0.1'
13.8774, -693.6666666666666, 25091.4692, 0, 0.2774, pc='0.95', pm='0.1'
15.4998, -686.375, 31017.9182, 0, 0.2998, pc='0.95', pm='0.1'
17.3251, -688.1764705882352, 37950.3512, 0, 0.3251, pc='0.95', pm='0.1'
19.2519, -686.0555555555555, 43937.8808, 0, 0.3519, pc='0.95', pm='0.1'
21.0773, -687.0526315789474, 46942.9789, 0, 0.3773, pc='0.95', pm='0.1'
23.2065, -682.25, 49860.7759, 0, 0.4065, pc='0.95', pm='0.1'
23.3094, -682.25, 50137.7815, 19, 0.4094, pc='0.8', pm='0.05'
26.0496, -693.5714285714286, 55340.5924, 19, 0.4496, pc='0.8', pm='0.05'
27.7755, -694.6363636363636, 57668.1462, 19, 0.4755, pc='0.8', pm='0.05'
28.2848, -695.0869565217391, 57985.6711, 19, 0.4848, pc='0.8', pm='0.05'
30.0124, -690.75, 60563.8619, 19, 0.5124, pc='0.8', pm='0.05'
31.6396, -689.12, 64013.9186, 19, 0.5396, pc='0.8', pm='0.05'
33.2668, -698.0, 67288.6122, 19, 0.5668, pc='0.8', pm='0.05'
33.4707, -697.8888888888889, 67485.1784, 19, 0.5707, pc='0.8', pm='0.05'
33.6750, -693.5714285714286, 68261.2203, 19, 0.5750, pc='0.8', pm='0.05'
34.7964, -693.9655172413793, 70836.1744, 19, 0.5964, pc='0.8', pm='0.05'
37.6425, -694.0, 79025.6596, 19, 0.6425, pc='0.8', pm='0.05'
40.6923, -694.741935483871, 89129.8936, 19, 0.6923, pc='0.8', pm='0.05'
42.4259, -691.5, 92982.5178, 19, 0.7259, pc='0.8', pm='0.05'
44.1599, -698.4242424242424, 98282.5437, 19, 0.7599, pc='0.8', pm='0.05'
47.0103, -694.8529411764706, 102366.6378, 19, 0.8103, pc='0.8', pm='0.05'
49.2532, -693.5714285714286, 105487.5348, 19, 0.8532, pc='0.8', pm='0.05'
52.1046, -693.8888888888889, 109284.9645, 19, 0.9046, pc='0.8', pm='0.05'
52.2083, -693.8888888888889, 109284.0543, 1, 0.9083, pc='0.6', pm='0.05'
53.8382, -690.7297297297297, 113807.8799, 1, 0.9382, pc='0.6', pm='0.05'
54.0433, -689.6578947368421, 114297.2490, 1, 0.9433, pc='0.6', pm='0.05'
54.2488, -695.5641025641025, 114478.8243, 1, 0.9488, pc='0.6', pm='0.05'
55.1701, -696.1, 117134.3551, 1, 0.9701, pc='0.6', pm='0.05'
56.5015, -693.5365853658536, 120802.7271, 1, 1.0015, pc='0.6', pm='0.05'
58.5464, -693.5714285714286, 124793.2137, 1, 1.0464, pc='0.6', pm='0.05'
60.8972, -698.8372093023256, 128310.6873, 1, 1.0972, pc='0.6', pm='0.05'
62.0249, -696.0681818181819, 129813.9185, 1, 1.1249, pc='0.6', pm='0.05'
64.4789, -693.7333333333333, 134013.3320, 1, 1.1789, pc='0.6', pm='0.05'
66.8311, -692.7826086956521, 138196.9104, 1, 1.2311, pc='0.6', pm='0.05'
66.9352, -692.7826086956521, 138419.3838, 5, 1.2352, pc='0.6', pm='0.1'
67.6527, -693.0425531914893, 139670.8772, 5, 1.2527, pc='0.6', pm='0.1'
70.9253, -693.0833333333334, 147401.6879, 5, 1.3253, pc='0.6', pm='0.1'
74.2010, -693.5714285714286, 152446.7898, 5, 1.4010, pc='0.6', pm='0.1'
74.7169, -692.7, 152878.4597, 5, 1.4169, pc='0.6', pm='0.1'
76.1553, -693.1764705882352, 154838.2288, 5, 1.4553, pc='0.6', pm='0.1'
77.3884, -690.9423076923077, 158597.5540, 5, 1.4884, pc='0.6', pm='0.1'
79.8518, -689.0566037735849, 166980.1486, 5, 1.5518, pc='0.6', pm='0.1'
83.8421, -689.1666666666666, 177939.2407, 5, 1.6422, pc='0.6', pm='0.1'
87.6393, -693.3636363636364, 189596.9560, 5, 1.7393, pc='0.6', pm='0.1'
90.1083, -693.5714285714286, 199120.3388, 5, 1.8083, pc='0.6', pm='0.1'
92.4733, -693.9824561403509, 202464.9661, 5, 1.8733, pc='0.6', pm='0.1'
94.0226, -697.8793103448276, 204582.9381, 5, 1.9226, pc='0.6', pm='0.1'
95.8812, -697.8305084745763, 207610.7736, 5, 1.9812, pc='0.6', pm='0.1'
96.0886, -697.0333333333333, 208143.8850, 5, 1.9886, pc='0.6', pm='0.1'
96.2955, -695.0655737704918, 208764.6382, 5, 1.9955, pc='0.6', pm='0.1'
99.8971, -693.3870967741935, 219386.7692, 5, 2.0971, pc='0.6', pm='0.1'
102.3726, -693.5714285714286, 229056.7194, 5, 2.1726, pc='0.6', pm='0.1'
105.7694, -693.59375, 241269.7074, 5, 2.2694, pc='0.6', pm='0.1'
105.8745, -693.59375, 241947.9607, 2, 2.2745, pc='0.95', pm='0.5'
113.4842, -692.0153846153846, 258541.5554, 2, 2.4842, pc='0.95', pm='0.5'
118.5074, -692.2121212121212, 265551.1591, 2, 2.6074, pc='0.95', pm='0.5'
120.7767, -690.4925373134329, 269724.9302, 2, 2.6767, pc='0.95', pm='0.5'
121.9137, -693.8676470588235, 272199.0453, 2, 2.7137, pc='0.95', pm='0.5'
122.5362, -693.231884057971, 273282.9755, 2, 2.7362, pc='0.95', pm='0.5'
123.6742, -693.5714285714286, 275522.1124, 2, 2.7742, pc='0.95', pm='0.5'
126.2596, -693.9014084507043, 279616.5744, 2, 2.8596, pc='0.95', pm='0.5'
126.4675, -697.0416666666666, 279616.7443, 2, 2.8675, pc='0.95', pm='0.5'
126.6734, -697.013698630137, 280344.4105, 2, 2.8734, pc='0.95', pm='0.5'
128.9458, -696.3783783783783, 287420.3565, 2, 2.9458, pc='0.95', pm='0.5'
131.0129, -694.9733333333334, 293594.4804, 2, 3.0129, pc='0.95', pm='0.5'
133.0830, -695.1052631578947, 296631.4455, 2, 3.0830, pc='0.95', pm='0.5'
133.1886, -695.1052631578947, 296631.5228, 6, 3.0886, pc='0.25', pm='0.05'
136.1862, -693.5714285714286, 300382.6252, 6, 3.1862, pc='0.25', pm='0.05'
138.4602, -693.0128205128206, 305848.0266, 6, 3.2602, pc='0.25', pm='0.05'
140.7372, -693.0379746835443, 309447.2617, 6, 3.3372, pc='0.25', pm='0.05'
141.4649, -695.875, 311898.5174, 6, 3.3649, pc='0.25', pm='0.05'
143.2262, -694.4074074074074, 316444.9150, 6, 3.4262, pc='0.25', pm='0.05'
143.9514, -693.1463414634146, 319736.4231, 6, 3.4514, pc='0.25', pm='0.05'
147.4675, -693.433734939759, 325126.0268, 6, 3.5675, pc='0.25', pm='0.05'
150.0543, -693.5714285714286, 328678.9016, 6, 3.6543, pc='0.25', pm='0.05'
150.2622, -693.5882352941177, 328869.7302, 6, 3.6622, pc='0.25', pm='0.05'
150.4708, -693.8604651162791, 329082.5581, 6, 3.6708, pc='0.25', pm='0.05'
151.7136, -693.9885057471264, 333179.3947, 6, 3.7136, pc='0.25', pm='0.05'
155.1263, -692.8181818181819, 340680.6592, 6, 3.8263, pc='0.25', pm='0.05'
157.9265, -692.3370786516854, 347409.5764, 6, 3.9265, pc='0.25', pm='0.05'
